<?xml version="1.0" encoding="UTF-8" standalone="no"?><eml:eml xmlns:eml="eml://ecoinformatics.org/eml-2.1.1" xmlns:d="eml://ecoinformatics.org/dataset-2.1.1" xmlns:dc="http://purl.org/dc/terms/" xmlns:md="eml://ecoinformatics.org/methods-2.1.1" xmlns:proj="eml://ecoinformatics.org/project-2.1.1" xmlns:res="eml://ecoinformatics.org/resource-2.1.1" xmlns:xsi="http://www.w3.org/2001/XMLSchema-instance" packageId="8825911/2020-02-25T09:43:38Z-0700" system="http://www.itis.gov" xml:lang="en" xsi:schemaLocation="eml_uri">
  <dataset id="8825911">
    <title>ITIS DwCA Download</title>
    <intellectualRights>This ITIS dataset in DwCA format is released to the public and may be freely distributed without restriction. To cite ITIS please see www.itis.gov/citation.html</intellectualRights>
    <creator id="1" scope="document">
      <organizationName>Integrated Taxonomic Information System</organizationName>
      <electronicMailAddress>itiswebmaster@itis.gov</electronicMailAddress>
    </creator>
    <metadataProvider>
      <organizationName>Integrated Taxonomic Information System</organizationName>
      <electronicMailAddress>itiswebmaster@itis.gov</electronicMailAddress>
    </metadataProvider>
    <pubDate>2020-02-25T09:43:38Z-0700</pubDate>
    <abstract>
      <para>The Integrated Taxonomic Information System (ITIS, www.itis.gov) was proposed in 1993 and established through a Memorandum of Understanding in 1996. ITIS partners with U.S. Federal agencies, other government agencies and organizations from the United States, Canada and Mexico, and with data stewards and experts from around the world to maintain and authoritative reference of scientific and common names of all seven Kingdoms of Life (Archaea, Bacteria, Protozoa, Chromista, Fungi, Plantae, and Animalia). For news and information about recent ITIS updates see www.itis.gov/whatsnew.html</para>
    </abstract>
    <language>en-US</language>
  </dataset>
  <additionalMetadata>
    <additionalInfo>Created Using ITIS-to-DwCA geneartor (ITIS Download version: 2.3.0)</additionalInfo>
  </additionalMetadata>
</eml:eml>